{
    "counter": {
        "ACTIVE": 524,
        "INACTIVE": 1,
        "INVALID": 0,
        "MALICIOUS": 0,
        "SANE": 0,
        "VALID": 0,
        "total": 525
    },
    "percentage": {
        "ACTIVE": 99.80952380952381,
        "INACTIVE": 0.1984126984126984,
        "INVALID": 0,
        "MALICIOUS": 0,
        "SANE": 0,
        "VALID": 0,
        "total": 100.0079365079365
    }
}