{
    "counter": {
        "ACTIVE": 514,
        "INACTIVE": 2,
        "INVALID": 0,
        "MALICIOUS": 0,
        "SANE": 0,
        "VALID": 0,
        "total": 516
    },
    "percentage": {
        "ACTIVE": 99.6124031007752,
        "INACTIVE": 1.0204081632653061,
        "INVALID": 0,
        "MALICIOUS": 0,
        "SANE": 0,
        "VALID": 0,
        "total": 100.6328112640405
    }
}