{
    "counter": {
        "ACTIVE": 289,
        "INACTIVE": 16,
        "INVALID": 0,
        "MALICIOUS": 0,
        "SANE": 0,
        "VALID": 0,
        "total": 305
    },
    "percentage": {
        "ACTIVE": 94.75409836065573,
        "INACTIVE": 9.142857142857142,
        "INVALID": 0,
        "MALICIOUS": 0,
        "SANE": 0,
        "VALID": 0,
        "total": 103.89695550351287
    }
}