{
    "counter": {
        "ACTIVE": 502,
        "INACTIVE": 16,
        "INVALID": 0,
        "MALICIOUS": 0,
        "SANE": 0,
        "VALID": 0,
        "total": 518
    },
    "percentage": {
        "ACTIVE": 96.91119691119691,
        "INACTIVE": 9.142857142857142,
        "INVALID": 0,
        "MALICIOUS": 0,
        "SANE": 0,
        "VALID": 0,
        "total": 106.05405405405405
    }
}