{
    "counter": {
        "ACTIVE": 528,
        "INACTIVE": 3,
        "INVALID": 0,
        "MALICIOUS": 0,
        "SANE": 0,
        "VALID": 0,
        "total": 531
    },
    "percentage": {
        "ACTIVE": 99.43502824858757,
        "INACTIVE": 1.3157894736842106,
        "INVALID": 0,
        "MALICIOUS": 0,
        "SANE": 0,
        "VALID": 0,
        "total": 100.75081772227178
    }
}